{
    "SiamRPN": {
        "overall": {
            "success_curve": [
                0.9366666666666666,
                0.9333333333333333,
                0.9333333333333333,
                0.9266666666666666,
                0.9266666666666666,
                0.9266666666666666,
                0.9266666666666666,
                0.9266666666666666,
                0.9266666666666666,
                0.9233333333333333,
                0.9166666666666666,
                0.91,
                0.88,
                0.8066666666666666,
                0.72,
                0.5,
                0.27,
                0.016666666666666666,
                0.01,
                0.006666666666666667,
                0.0
            ],
            "precision_curve": [
                0.0033333333333333335,
                0.54,
                0.8833333333333333,
                0.9233333333333333,
                0.9266666666666666,
                0.9266666666666666,
                0.9266666666666666,
                0.93,
                0.9333333333333333,
                0.9366666666666666,
                0.9433333333333334
            ],
            "success_score": 0.682063492063492,
            "precision_score": 0.9433333333333334,
            "success_rate": 0.9266666666666666,
            "speed_fps": 47.57438695217564
        },
        "seq_wise": {
            "data05": {
                "success_curve": [
                    0.9366666666666666,
                    0.9333333333333333,
                    0.9333333333333333,
                    0.9266666666666666,
                    0.9266666666666666,
                    0.9266666666666666,
                    0.9266666666666666,
                    0.9266666666666666,
                    0.9266666666666666,
                    0.9233333333333333,
                    0.9166666666666666,
                    0.91,
                    0.88,
                    0.8066666666666666,
                    0.72,
                    0.5,
                    0.27,
                    0.016666666666666666,
                    0.01,
                    0.006666666666666667,
                    0.0
                ],
                "precision_curve": [
                    0.0033333333333333335,
                    0.54,
                    0.8833333333333333,
                    0.9233333333333333,
                    0.9266666666666666,
                    0.9266666666666666,
                    0.9266666666666666,
                    0.93,
                    0.9333333333333333,
                    0.9366666666666666,
                    0.9433333333333334
                ],
                "success_score": 0.682063492063492,
                "precision_score": 0.9433333333333334,
                "success_rate": 0.9266666666666666,
                "speed_fps": 47.57438695217564
            }
        }
    }
}